device,sessions,purchases,conversion_rate_pct
desktop,45595,926,2.0309244434696785
mobile,23107,92,0.39814774743584197
tablet,3110,13,0.41800643086816719